N/A,monish_4,2025-02-26 19:41:28,screenshots/monish_4_2025-02-26_19-41-28.jpg
N/A,monish_7,2025-02-26 19:41:28,screenshots/monish_7_2025-02-26_19-41-28.jpg
N/A,monish_1,2025-02-26 19:41:32,screenshots/monish_1_2025-02-26_19-41-32.jpg
N/A,monish_2,2025-02-26 19:41:35,screenshots/monish_2_2025-02-26_19-41-35.jpg
N/A,monish_10,2025-02-26 19:41:36,screenshots/monish_10_2025-02-26_19-41-36.jpg
N/A,monish_12,2025-02-26 19:41:36,screenshots/monish_12_2025-02-26_19-41-36.jpg
N/A,monish_11,2025-02-26 19:41:42,screenshots/monish_11_2025-02-26_19-41-42.jpg
N/A,monish_5,2025-02-26 19:41:43,screenshots/monish_5_2025-02-26_19-41-43.jpg
N/A,monish_9,2025-02-26 19:41:51,screenshots/monish_9_2025-02-26_19-41-51.jpg
N/A,monish_13,2025-02-26 19:41:52,screenshots/monish_13_2025-02-26_19-41-52.jpg
N/A,monish_15,2025-02-26 19:42:08,screenshots/monish_15_2025-02-26_19-42-08.jpg
monish_7,2025-02-26 19:45:13,screenshots/monish_7_2025-02-26_19-45-13.jpg
monish_10,2025-02-26 19:45:17,screenshots/monish_10_2025-02-26_19-45-17.jpg
monish_4,2025-02-26 19:45:19,screenshots/monish_4_2025-02-26_19-45-19.jpg
monish_1,2025-02-26 19:45:23,screenshots/monish_1_2025-02-26_19-45-23.jpg
monish_13,2025-02-26 19:45:26,screenshots/monish_13_2025-02-26_19-45-26.jpg
monish_12,2025-02-26 19:45:28,screenshots/monish_12_2025-02-26_19-45-28.jpg
monish_11,2025-02-26 19:45:34,screenshots/monish_11_2025-02-26_19-45-34.jpg
monish_2,2025-02-26 19:45:36,screenshots/monish_2_2025-02-26_19-45-36.jpg
monish_5,2025-02-26 19:45:41,screenshots/monish_5_2025-02-26_19-45-41.jpg
monish_15,2025-02-26 19:45:49,screenshots/monish_15_2025-02-26_19-45-49.jpg
monish_8,2025-02-26 19:46:27,screenshots/monish_8_2025-02-26_19-46-27.jpg
monish_4,2025-02-26 20:34:06,screenshots/monish_4_2025-02-26_20-34-06.jpg
monish_7,2025-02-26 20:34:15,screenshots/monish_7_2025-02-26_20-34-15.jpg
monish_1,2025-02-26 20:34:23,screenshots/monish_1_2025-02-26_20-34-23.jpg
monish_13,2025-02-26 20:34:30,screenshots/monish_13_2025-02-26_20-34-30.jpg
monish_15,2025-02-26 20:34:40,screenshots/monish_15_2025-02-26_20-34-40.jpg
monish_1,2025-02-26 21:32:39,screenshots/monish_1_2025-02-26_21-32-39.jpg
monish_7,2025-02-26 21:32:54,screenshots/monish_7_2025-02-26_21-32-54.jpg
monish_7,2025-02-26 21:39:11,screenshots/monish_7_2025-02-26_21-39-11.jpg
monish_4,2025-02-26 21:40:10,screenshots/monish_4_2025-02-26_21-40-10.jpg
monish_10,2025-02-26 21:41:26,screenshots/monish_10_2025-02-26_21-41-26.jpg
monish_2,2025-02-26 21:45:51,screenshots/monish_2_2025-02-26_21-45-51.jpg
monish_15,2025-02-26 21:45:58,screenshots/monish_15_2025-02-26_21-45-58.jpg
monish_13,2025-02-26 21:46:04,screenshots/monish_13_2025-02-26_21-46-04.jpg
monish_7,2025-02-26 21:46:11,screenshots/monish_7_2025-02-26_21-46-11.jpg
monish_4,2025-02-26 21:46:20,screenshots/monish_4_2025-02-26_21-46-20.jpg
monish_5,2025-02-27 08:14:45,screenshots/monish_5_2025-02-27_08-14-45.jpg
monish_13,2025-02-27 08:14:51,screenshots/monish_13_2025-02-27_08-14-51.jpg
monish_4,2025-02-27 08:15:02,screenshots/monish_4_2025-02-27_08-15-02.jpg
monish_7,2025-02-27 08:15:08,screenshots/monish_7_2025-02-27_08-15-08.jpg
monish_15,2025-02-27 08:15:12,screenshots/monish_15_2025-02-27_08-15-12.jpg
monish,2025-02-28 10:22:16,screenshots/monish_2025-02-28_10-22-16.jpg
monish,2025-02-28 22:38:52,screenshots/monish_2025-02-28_22-38-52.jpg
monish,2025-03-04 10:20:12,screenshots/monish_2025-03-04_10-20-12.jpg
1,monish,2025-03-04 10:26:46,screenshots/monish_2025-03-04_10-26-46.jpg
2,monish,2025-03-04 10:26:47,screenshots/monish_2025-03-04_10-26-47.jpg
3,monish,2025-03-04 10:26:47,screenshots/monish_2025-03-04_10-26-47.jpg
4,monish,2025-03-04 10:26:47,screenshots/monish_2025-03-04_10-26-47.jpg
5,monish,2025-03-04 10:26:47,screenshots/monish_2025-03-04_10-26-47.jpg
6,monish,2025-03-04 10:26:47,screenshots/monish_2025-03-04_10-26-47.jpg
monish,2025-03-04 11:12:56,screenshots/monish_2025-03-04_11-12-56.jpg
vishal,2025-03-04 11:13:01,screenshots/vishal_2025-03-04_11-13-01.jpg
vishal,2025-04-02 22:45:15,screenshots/vishal_2025-04-02_22-45-15.jpg
monish,2025-04-02 22:45:30,screenshots/monish_2025-04-02_22-45-30.jpg
